ItemStockStatus,OrderShippingDestination,OrderPricingScheme,frequentShopper,OrderDeliveryTimeframe,CustomerCreditStatus,OrderShipping
validInStock,domestic,scheme1,false,oneMonth,denied,ground 
validInStock,domestic,scheme2,false,immediate,approved,air 
validInStock,foreign,scheme1,true,oneMonth,denied,sea 
validInStock,foreign,scheme3,false,oneMonth,denied,sea 
validInStock,foreign,scheme3,true,oneWeek,denied,ground 
validInStock,domestic,scheme2,true,immediate,unknown,air 
validOutOfStock,foreign,scheme1,true,oneWeek,approved,air 
validOutOfStock,domestic,scheme2,false,oneWeek,denied,ground 
validOutOfStock,foreign,scheme4,false,oneWeek,unknown,ground 
validOutOfStock,foreign,scheme3,false,oneMonth,denied,sea 