{
	"tag-fields":[
			{
				"name":"Application Name",
				"partOfTagName":"Yes",
			},
			{
				"name":"Application code version #",
				"partOfTagName":"Yes",
			},
			{
				"name":"Application Function",
				"partOfTagName":"Yes"
			},
			{
				"name":"Updated Reason",
				"partOfTagName":"No",
				"mandatory" : "Yes",
				"values":[
					{
						"name":"New Model"
					},
					{
						"name":"Requirement Change"
					},
					{
						"name":"Model corrections"
					},
					{
						"name":"Test description changes"
					},
				]
			},
			{
				"name":"Created By",
				"partOfTagName":"No"
			},
			{
				"name":"Created Date and Time",
				"partOfTagName":"No"
			},
			{
				"name":"Updated By",
				"partOfTagName":"No"
			},
			{
				"name":"Updated Date and Time",
				"partOfTagName":"No"
			},
			{
				"name":"Application Sub Function",
				"partOfTagName":"No"
			},
			{
				"name":"Test Stage",
				"partOfTagName":"No"
			},
			{
				"name":"Criticality",
				"partOfTagName":"No"
			},
			{
				"name":"Project",
				"partOfTagName":"No"
			},
			{
				"name":"Epic",
				"partOfTagName":"No"
			},
			{
				"name":"Feature",
				"partOfTagName":"No"
			},
			{
				"name":"User Story",
				"partOfTagName":"No"
			}
	]
}
