"Availability","Payment","Carrier","DeliverySchedule","ExportControl",
"Available","Paypal","Fedex","OneDay","false",
"Discontinued","Credit","UPS","6-10WorkingDays","true",
"OutOfStock","Credit","Fedex","OneDay","true",
"Available","GiftVoucher","Mail","6-10WorkingDays","false",
"OutOfStock","Paypal","UPS","6-10WorkingDays","false",
"NoSuchProduct","Paypal","Mail","6-10WorkingDays",  
"NoSuchProduct",,"Fedex","OneDay","true",
"OutOfStock","GiftVoucher","UPS","Over10WorkingDays","true",
"Discontinued","Paypal","UPS","2-5WorkingDays","false",
"OutOfStock","Credit","UPS","2-5WorkingDays","false",
"NoSuchProduct",,"Fedex","OneDay","false",
"OutOfStock","GiftVoucher","Fedex","OneDay","false",
"Available","Credit","Fedex","OneDay","true",
"Discontinued","Credit","Fedex","OneDay","false",
"OutOfStock","Paypal","UPS","OneDay","true",
"Discontinued","Paypal","Mail","Over10WorkingDays","true",
"NoSuchProduct","Paypal","Fedex","OneDay","false",
"OutOfStock","GiftVoucher","UPS","2-5WorkingDays","true",
"Available","Credit","UPS","6-10WorkingDays","false",
"Available","GiftVoucher","Mail","2-5WorkingDays","false",
"OutOfStock","Credit","Mail","6-10WorkingDays","true",
"OutOfStock","Paypal","Mail","Over10WorkingDays","false",
"Available","Paypal",,"6-10WorkingDays","true",
"Discontinued","Credit","UPS","2-5WorkingDays","false",
"Discontinued","GiftVoucher","Mail","6-10WorkingDays","true",
"NoSuchProduct","Paypal","Mail","Over10WorkingDays","false",
"Discontinued","GiftVoucher","Fedex","OneDay","true",
"Available","GiftVoucher",,"OneDay","false",
"NoSuchProduct","Credit","Mail","6-10WorkingDays","false",
"NoSuchProduct",,"UPS","2-5WorkingDays","false",
"NoSuchProduct","Credit","UPS","OneDay","false",
